countryCode	countryName	landArea	regionCode	regionDensity	regionName	source	stateCode	stateFips	totalPopulation	url	waterArea
USA	United States	16328.134688	0101	42.1261223736422	Congressional District 1	US Census Bureau	AL	1	687841	https://www.census.gov/geo/maps-data/data/tiger-data.html	2276.02138
USA	United States	27152.80801	0102	24.817948837992024	Congressional District 2	US Census Bureau	AL	1	673877	https://www.census.gov/geo/maps-data/data/tiger-data.html	321.343075
USA	United States	20250.299127	0103	33.64384870204787	Congressional District 3	US Census Bureau	AL	1	681298	https://www.census.gov/geo/maps-data/data/tiger-data.html	437.528306
USA	United States	21646.258918	0104	30.49774108777017	Congressional District 4	US Census Bureau	AL	1	660162	https://www.census.gov/geo/maps-data/data/tiger-data.html	429.339626
USA	United States	11568.239167	0105	62.12907510161611	Congressional District 5	US Census Bureau	AL	1	718724	https://www.census.gov/geo/maps-data/data/tiger-data.html	575.465476
USA	United States	11785.529086	0106	64.01766051354005	Congressional District 6	US Census Bureau	AL	1	754482	https://www.census.gov/geo/maps-data/data/tiger-data.html	256.479324
USA	United States	22439.51809	0107	26.8879214598142	Congressional District 7	US Census Bureau	AL	1	603352	https://www.census.gov/geo/maps-data/data/tiger-data.html	300.380345
USA	United States	1477953.21158	0200	0.48055039525962423	Congressional District (at Large)	US Census Bureau	AK	2	710231	https://www.census.gov/geo/maps-data/data/tiger-data.html	245383.480336
USA	United States	151703.536845	0401	5.104099852273949	Congressional District 1	US Census Bureau	AZ	4	774310	https://www.census.gov/geo/maps-data/data/tiger-data.html	358.036034
USA	United States	52375.53984	0402	18.57430019760919	Congressional District 2	US Census Bureau	AZ	4	972839	https://www.census.gov/geo/maps-data/data/tiger-data.html	427.829944
USA	United States	1548.96053	0403	457.0284305436756	Congressional District 3	US Census Bureau	AZ	4	707919	https://www.census.gov/geo/maps-data/data/tiger-data.html	2.478602
USA	United States	515.396526	0404	1354.9062998534841	Congressional District 4	US Census Bureau	AZ	4	698314	https://www.census.gov/geo/maps-data/data/tiger-data.html	1.082134
USA	United States	3636.722812	0405	180.6112354322593	Congressional District 5	US Census Bureau	AZ	4	656833	https://www.census.gov/geo/maps-data/data/tiger-data.html	44.649463
USA	United States	1873.286875	0406	518.731547724104	Congressional District 6	US Census Bureau	AZ	4	971733	https://www.census.gov/geo/maps-data/data/tiger-data.html	1.994975
USA	United States	59237.358381	0407	14.446440951939586	Congressional District 7	US Census Bureau	AZ	4	855769	https://www.census.gov/geo/maps-data/data/tiger-data.html	48.676963
USA	United States	23316.512605	0408	32.35046392993812	Congressional District 8	US Census Bureau	AZ	4	754300	https://www.census.gov/geo/maps-data/data/tiger-data.html	141.448149
USA	United States	44457.86236	0501	15.468445028493718	Congressional District 1	US Census Bureau	AR	5	687694	https://www.census.gov/geo/maps-data/data/tiger-data.html	922.394422
USA	United States	15301.92219	0502	49.10343881444087	Congressional District 2	US Census Bureau	AR	5	751377	https://www.census.gov/geo/maps-data/data/tiger-data.html	353.813514
USA	United States	21932.059083	0503	37.50509684873075	Congressional District 3	US Census Bureau	AR	5	822564	https://www.census.gov/geo/maps-data/data/tiger-data.html	500.078955
USA	United States	53079.417775	0504	12.326491650180879	Congressional District 4	US Census Bureau	AR	5	654283	https://www.census.gov/geo/maps-data/data/tiger-data.html	1184.252366
USA	United States	28463.542032	0601	24.733815602025842	Congressional District 1	US Census Bureau	CA	6	704012	https://www.census.gov/geo/maps-data/data/tiger-data.html	3119.469292
USA	United States	56300.250429	0602	12.586018616268987	Congressional District 2	US Census Bureau	CA	6	708596	https://www.census.gov/geo/maps-data/data/tiger-data.html	625.060684
USA	United States	8735.297842	0603	89.67261496611485	Congressional District 3	US Census Bureau	CA	6	783317	https://www.census.gov/geo/maps-data/data/tiger-data.html	127.502818
USA	United States	42502.378256	0604	18.216886484245116	Congressional District 4	US Census Bureau	CA	6	774261	https://www.census.gov/geo/maps-data/data/tiger-data.html	1931.066256
USA	United States	379.971266	0605	1843.4104435675933	Congressional District 5	US Census Bureau	CA	6	700443	https://www.census.gov/geo/maps-data/data/tiger-data.html	7.988423
USA	United States	4208.691615	0606	157.87994483411444	Congressional District 6	US Census Bureau	CA	6	664468	https://www.census.gov/geo/maps-data/data/tiger-data.html	1278.910013
USA	United States	897.789074	0607	730.3586320989243	Congressional District 7	US Census Bureau	CA	6	655708	https://www.census.gov/geo/maps-data/data/tiger-data.html	250.662814
USA	United States	92.171832	0608	7234.607206244963	Congressional District 8	US Census Bureau	CA	6	666827	https://www.census.gov/geo/maps-data/data/tiger-data.html	202.083306
USA	United States	342.592407	0609	1893.696377222978	Congressional District 9	US Census Bureau	CA	6	648766	https://www.census.gov/geo/maps-data/data/tiger-data.html	51.338368
USA	United States	2605.041228	0610	274.3718572733468	Congressional District 10	US Census Bureau	CA	6	714750	https://www.census.gov/geo/maps-data/data/tiger-data.html	205.128972
USA	United States	5883.446722	0611	135.4228291080971	Congressional District 11	US Census Bureau	CA	6	796753	https://www.census.gov/geo/maps-data/data/tiger-data.html	118.68277
USA	United States	301.369756	0612	2161.2055856062743	Congressional District 12	US Census Bureau	CA	6	651322	https://www.census.gov/geo/maps-data/data/tiger-data.html	636.131342
USA	United States	574.755571	0613	1157.5668572336465	Congressional District 13	US Census Bureau	CA	6	665318	https://www.census.gov/geo/maps-data/data/tiger-data.html	153.0284
USA	United States	2139.183684	0614	305.69371152701814	Congressional District 14	US Census Bureau	CA	6	653935	https://www.census.gov/geo/maps-data/data/tiger-data.html	531.866413
USA	United States	741.541087	0615	913.7794410574583	Congressional District 15	US Census Bureau	CA	6	677605	https://www.census.gov/geo/maps-data/data/tiger-data.html	7.42949
USA	United States	593.483954	0616	1140.5194621319113	Congressional District 16	US Census Bureau	CA	6	676880	https://www.census.gov/geo/maps-data/data/tiger-data.html	5.982017
USA	United States	12375.101345	0617	53.67552002055948	Congressional District 17	US Census Bureau	CA	6	664240	https://www.census.gov/geo/maps-data/data/tiger-data.html	1573.695362
USA	United States	7917.894428	0618	91.38881638041462	Congressional District 18	US Census Bureau	CA	6	723607	https://www.census.gov/geo/maps-data/data/tiger-data.html	130.445391
USA	United States	17293.07306	0619	43.794240466824235	Congressional District 19	US Census Bureau	CA	6	757337	https://www.census.gov/geo/maps-data/data/tiger-data.html	267.865264
USA	United States	12878.940244	0620	57.79590446867517	Congressional District 20	US Census Bureau	CA	6	744350	https://www.census.gov/geo/maps-data/data/tiger-data.html	24.383667
USA	United States	20794.710896	0621	37.71035836573431	Congressional District 21	US Census Bureau	CA	6	784176	https://www.census.gov/geo/maps-data/data/tiger-data.html	157.548237
USA	United States	26944.991471	0622	29.581898396882963	Congressional District 22	US Census Bureau	CA	6	797084	https://www.census.gov/geo/maps-data/data/tiger-data.html	131.851497
USA	United States	2693.920194	0623	258.13830771558486	Congressional District 23	US Census Bureau	CA	6	695404	https://www.census.gov/geo/maps-data/data/tiger-data.html	3725.825998
USA	United States	10047.809783	0624	67.83786862219901	Congressional District 24	US Census Bureau	CA	6	681622	https://www.census.gov/geo/maps-data/data/tiger-data.html	719.483447
USA	United States	55602.652164	0625	15.18488717965608	Congressional District 25	US Census Bureau	CA	6	844320	https://www.census.gov/geo/maps-data/data/tiger-data.html	398.702441
USA	United States	1946.949808	0626	355.14628942093407	Congressional District 26	US Census Bureau	CA	6	691452	https://www.census.gov/geo/maps-data/data/tiger-data.html	8.243175
USA	United States	390.160037	0627	1754.3980292374229	Congressional District 27	US Census Bureau	CA	6	684496	https://www.census.gov/geo/maps-data/data/tiger-data.html	1.734408
USA	United States	198.844682	0628	3320.1491403224954	Congressional District 28	US Census Bureau	CA	6	660194	https://www.census.gov/geo/maps-data/data/tiger-data.html	2.813818
USA	United States	261.62144	0629	2454.4548030925907	Congressional District 29	US Census Bureau	CA	6	642138	https://www.census.gov/geo/maps-data/data/tiger-data.html	1.249148
USA	United States	739.622305	0630	895.4827288503691	Congressional District 30	US Census Bureau	CA	6	662319	https://www.census.gov/geo/maps-data/data/tiger-data.html	264.271145
USA	United States	101.803833	0631	6005.039122642857	Congressional District 31	US Census Bureau	CA	6	611336	https://www.census.gov/geo/maps-data/data/tiger-data.html	0.857637
USA	United States	236.38098	0632	2716.952946044982	Congressional District 32	US Census Bureau	CA	6	642236	https://www.census.gov/geo/maps-data/data/tiger-data.html	4.085029
USA	United States	124.59702	0633	5113.460980045911	Congressional District 33	US Census Bureau	CA	6	637122	https://www.census.gov/geo/maps-data/data/tiger-data.html	0.565595
USA	United States	150.960763	0634	4334.258697407353	Congressional District 34	US Census Bureau	CA	6	654303	https://www.census.gov/geo/maps-data/data/tiger-data.html	1.877799
USA	United States	143.006966	0635	4632.03309970229	Congressional District 35	US Census Bureau	CA	6	662413	https://www.census.gov/geo/maps-data/data/tiger-data.html	0.330753
USA	United States	193.418586	0636	3409.108781303985	Congressional District 36	US Census Bureau	CA	6	659385	https://www.census.gov/geo/maps-data/data/tiger-data.html	123.852548
USA	United States	192.294716	0637	3374.2320823833766	Congressional District 37	US Census Bureau	CA	6	648847	https://www.census.gov/geo/maps-data/data/tiger-data.html	2.52605
USA	United States	270.014049	0638	2375.4689890228638	Congressional District 38	US Census Bureau	CA	6	641410	https://www.census.gov/geo/maps-data/data/tiger-data.html	3.147273
USA	United States	167.624002	0639	3836.6522235878847	Congressional District 39	US Census Bureau	CA	6	643115	https://www.census.gov/geo/maps-data/data/tiger-data.html	1.319568
USA	United States	259.842884	0640	2561.7518931170725	Congressional District 40	US Census Bureau	CA	6	665653	https://www.census.gov/geo/maps-data/data/tiger-data.html	2.446507
USA	United States	34495.680022	0641	23.10819788134687	Congressional District 41	US Census Bureau	CA	6	797133	https://www.census.gov/geo/maps-data/data/tiger-data.html	80.280061
USA	United States	817.055258	0642	817.127107944026	Congressional District 42	US Census Bureau	CA	6	667638	https://www.census.gov/geo/maps-data/data/tiger-data.html	6.53507
USA	United States	494.485429	0643	1487.5686053835168	Congressional District 43	US Census Bureau	CA	6	735581	https://www.census.gov/geo/maps-data/data/tiger-data.html	5.543254
USA	United States	1348.925235	0644	626.2437517524831	Congressional District 44	US Census Bureau	CA	6	844756	https://www.census.gov/geo/maps-data/data/tiger-data.html	71.539322
USA	United States	15489.8958	0645	59.019699796818514	Congressional District 45	US Census Bureau	CA	6	914209	https://www.census.gov/geo/maps-data/data/tiger-data.html	211.58624
USA	United States	680.22905	0646	953.5949692239694	Congressional District 46	US Census Bureau	CA	6	648663	https://www.census.gov/geo/maps-data/data/tiger-data.html	1457.727061
USA	United States	142.288403	0647	4437.620963389406	Congressional District 47	US Census Bureau	CA	6	631422	https://www.census.gov/geo/maps-data/data/tiger-data.html	0.820565
USA	United States	548.034821	0648	1328.0780200643492	Congressional District 48	US Census Bureau	CA	6	727833	https://www.census.gov/geo/maps-data/data/tiger-data.html	231.834276
USA	United States	4387.628232	0649	181.74465971938344	Congressional District 49	US Census Bureau	CA	6	797428	https://www.census.gov/geo/maps-data/data/tiger-data.html	216.710357
USA	United States	779.731829	0650	965.889773880194	Congressional District 50	US Census Bureau	CA	6	753135	https://www.census.gov/geo/maps-data/data/tiger-data.html	165.503471
USA	United States	11871.270622	0651	63.8424499055279	Congressional District 51	US Census Bureau	CA	6	757891	https://www.census.gov/geo/maps-data/data/tiger-data.html	809.237289
USA	United States	5477.636877	0652	123.02622739188924	Congressional District 52	US Census Bureau	CA	6	673893	https://www.census.gov/geo/maps-data/data/tiger-data.html	37.222964
USA	United States	245.70607	0653	2697.7518300626434	Congressional District 53	US Census Bureau	CA	6	662854	https://www.census.gov/geo/maps-data/data/tiger-data.html	405.117655
USA	United States	442.727558	0801	1495.364334198505	Congressional District 1	US Census Bureau	CO	8	662039	https://www.census.gov/geo/maps-data/data/tiger-data.html	4.852997
USA	United States	14516.032915	0802	50.55134583235409	Congressional District 2	US Census Bureau	CO	8	733805	https://www.census.gov/geo/maps-data/data/tiger-data.html	153.733426
USA	United States	139751.89717	0803	5.053140703635429	Congressional District 3	US Census Bureau	CO	8	706186	https://www.census.gov/geo/maps-data/data/tiger-data.html	367.300458
USA	United States	79929.75767	0804	9.070977082070264	Congressional District 4	US Census Bureau	CO	8	725041	https://www.census.gov/geo/maps-data/data/tiger-data.html	483.209686
USA	United States	19947.636905	0805	36.3903756348226	Congressional District 5	US Census Bureau	CO	8	725902	https://www.census.gov/geo/maps-data/data/tiger-data.html	79.592075
USA	United States	10611.532027	0806	75.18358310280206	Congressional District 6	US Census Bureau	CO	8	797813	https://www.census.gov/geo/maps-data/data/tiger-data.html	36.253078
USA	United States	3231.662181	0807	209.92602629959111	Congressional District 7	US Census Bureau	CO	8	678410	https://www.census.gov/geo/maps-data/data/tiger-data.html	45.159538
USA	United States	1690.929632	0901	420.44978486721556	Congressional District 1	US Census Bureau	CT	9	710951	https://www.census.gov/geo/maps-data/data/tiger-data.html	50.323489
USA	United States	5250.774093	0902	138.9835073980586	Congressional District 2	US Census Bureau	CT	9	729771	https://www.census.gov/geo/maps-data/data/tiger-data.html	299.624535
USA	United States	1186.241167	0903	600.5009940782135	Congressional District 3	US Census Bureau	CT	9	712339	https://www.census.gov/geo/maps-data/data/tiger-data.html	68.917325
USA	United States	1181.73631	0904	598.0521999869835	Congressional District 4	US Census Bureau	CT	9	706740	https://www.census.gov/geo/maps-data/data/tiger-data.html	214.060608
USA	United States	3231.960225	0905	221.01014563073716	Congressional District 5	US Census Bureau	CT	9	714296	https://www.census.gov/geo/maps-data/data/tiger-data.html	87.476227
USA	United States	5046.703785	1000	177.9248472376906	Congressional District (at Large)	US Census Bureau	DE	10	897934	https://www.census.gov/geo/maps-data/data/tiger-data.html	1399.060967
USA	United States	158.11468	1198	3805.611218389083	Delegate District (at Large)	US Census Bureau	DC	11	601723	https://www.census.gov/geo/maps-data/data/tiger-data.html	18.88497
USA	United States	11934.454822	1201	58.164198562332956	Congressional District 1	US Census Bureau	FL	12	694158	https://www.census.gov/geo/maps-data/data/tiger-data.html	1640.486167
USA	United States	24403.729178	1202	30.221569606045065	Congressional District 2	US Census Bureau	FL	12	737519	https://www.census.gov/geo/maps-data/data/tiger-data.html	4456.234423
USA	United States	4656.837402	1203	141.52415966186658	Congressional District 3	US Census Bureau	FL	12	659055	https://www.census.gov/geo/maps-data/data/tiger-data.html	773.597137
USA	United States	10652.413254	1204	69.88256860204609	Congressional District 4	US Census Bureau	FL	12	744418	https://www.census.gov/geo/maps-data/data/tiger-data.html	662.118802
USA	United States	10442.845516	1205	89.01146709254834	Congressional District 5	US Census Bureau	FL	12	929533	https://www.census.gov/geo/maps-data/data/tiger-data.html	1992.410438
USA	United States	7556.68311	1206	107.55075847027281	Congressional District 6	US Census Bureau	FL	12	812727	https://www.census.gov/geo/maps-data/data/tiger-data.html	278.394329
USA	United States	4637.262382	1207	175.19862648996858	Congressional District 7	US Census Bureau	FL	12	812442	https://www.census.gov/geo/maps-data/data/tiger-data.html	1121.07023
USA	United States	2543.020905	1208	316.79173317688475	Congressional District 8	US Census Bureau	FL	12	805608	https://www.census.gov/geo/maps-data/data/tiger-data.html	459.21057
USA	United States	1609.056729	1209	468.3172360668211	Congressional District 9	US Census Bureau	FL	12	753549	https://www.census.gov/geo/maps-data/data/tiger-data.html	462.532197
USA	United States	441.312437	1210	1436.3723902936367	Congressional District 10	US Census Bureau	FL	12	633889	https://www.census.gov/geo/maps-data/data/tiger-data.html	720.621201
USA	United States	609.174835	1211	1106.0847580809866	Congressional District 11	US Census Bureau	FL	12	673799	https://www.census.gov/geo/maps-data/data/tiger-data.html	582.173751
USA	United States	4853.312311	1212	173.5307653890646	Congressional District 12	US Census Bureau	FL	12	842199	https://www.census.gov/geo/maps-data/data/tiger-data.html	580.163532
USA	United States	6695.457736	1213	113.18195557048318	Congressional District 13	US Census Bureau	FL	12	757805	https://www.census.gov/geo/maps-data/data/tiger-data.html	938.785216
USA	United States	2660.152513	1214	322.897275927728	Congressional District 14	US Census Bureau	FL	12	858956	https://www.census.gov/geo/maps-data/data/tiger-data.html	1790.910029
USA	United States	6590.829402	1215	123.43969937275581	Congressional District 15	US Census Bureau	FL	12	813570	https://www.census.gov/geo/maps-data/data/tiger-data.html	1830.570463
USA	United States	11749.342683	1216	67.89409599519125	Congressional District 16	US Census Bureau	FL	12	797711	https://www.census.gov/geo/maps-data/data/tiger-data.html	1849.712932
USA	United States	247.660992	1217	2645.3903568310025	Congressional District 17	US Census Bureau	FL	12	655160	https://www.census.gov/geo/maps-data/data/tiger-data.html	8.220176
USA	United States	876.874814	1218	812.8754397090028	Congressional District 18	US Census Bureau	FL	12	712790	https://www.census.gov/geo/maps-data/data/tiger-data.html	7400.163094
USA	United States	598.641264	1219	1230.1507501828341	Congressional District 19	US Census Bureau	FL	12	736419	https://www.census.gov/geo/maps-data/data/tiger-data.html	7.184082
USA	United States	418.658914	1220	1652.244767443313	Congressional District 20	US Census Bureau	FL	12	691727	https://www.census.gov/geo/maps-data/data/tiger-data.html	145.546771
USA	United States	343.314467	1221	2020.0168261479062	Congressional District 21	US Census Bureau	FL	12	693501	https://www.census.gov/geo/maps-data/data/tiger-data.html	19.847123
USA	United States	694.379821	1222	999.8260015680956	Congressional District 22	US Census Bureau	FL	12	694259	https://www.census.gov/geo/maps-data/data/tiger-data.html	598.651986
USA	United States	8695.822688	1223	78.67076233558087	Congressional District 23	US Census Bureau	FL	12	684107	https://www.census.gov/geo/maps-data/data/tiger-data.html	893.724408
USA	United States	4085.794147	1224	195.6126449950588	Congressional District 24	US Census Bureau	FL	12	799233	https://www.census.gov/geo/maps-data/data/tiger-data.html	866.131273
USA	United States	10890.449274	1225	74.1177870344672	Congressional District 25	US Census Bureau	FL	12	807176	https://www.census.gov/geo/maps-data/data/tiger-data.html	1345.707873
USA	United States	29068.478883	1301	24.840240279042742	Congressional District 1	US Census Bureau	GA	13	722068	https://www.census.gov/geo/maps-data/data/tiger-data.html	2639.51043
USA	United States	28005.897324	1302	22.565711524566037	Congressional District 2	US Census Bureau	GA	13	631973	https://www.census.gov/geo/maps-data/data/tiger-data.html	486.999776
USA	United States	10614.637261	1303	76.99245672790966	Congressional District 3	US Census Bureau	GA	13	817247	https://www.census.gov/geo/maps-data/data/tiger-data.html	217.866045
USA	United States	850.768852	1304	782.2818130158813	Congressional District 4	US Census Bureau	GA	13	665541	https://www.census.gov/geo/maps-data/data/tiger-data.html	13.217972
USA	United States	634.737356	1305	993.2643699640706	Congressional District 5	US Census Bureau	GA	13	630462	https://www.census.gov/geo/maps-data/data/tiger-data.html	4.901053
USA	United States	1753.722723	1306	437.81037328784157	Congressional District 6	US Census Bureau	GA	13	767798	https://www.census.gov/geo/maps-data/data/tiger-data.html	47.12298
USA	United States	2493.579907	1307	362.2065599199585	Congressional District 7	US Census Bureau	GA	13	903191	https://www.census.gov/geo/maps-data/data/tiger-data.html	39.580042
USA	United States	18471.026496	1308	38.74170177574954	Congressional District 8	US Census Bureau	GA	13	715599	https://www.census.gov/geo/maps-data/data/tiger-data.html	273.603745
USA	United States	11211.737615	1309	73.45721317078825	Congressional District 9	US Census Bureau	GA	13	823583	https://www.census.gov/geo/maps-data/data/tiger-data.html	229.230191
USA	United States	15154.154737	1310	48.7158810776501	Congressional District 10	US Census Bureau	GA	13	738248	https://www.census.gov/geo/maps-data/data/tiger-data.html	542.489419
USA	United States	6962.569909	1311	114.17752502167372	Congressional District 11	US Census Bureau	GA	13	794969	https://www.census.gov/geo/maps-data/data/tiger-data.html	77.758622
USA	United States	22261.115169	1312	31.10935794287566	Congressional District 12	US Census Bureau	GA	13	692529	https://www.census.gov/geo/maps-data/data/tiger-data.html	360.279966
USA	United States	1476.810371	1313	531.1751700855302	Congressional District 13	US Census Bureau	GA	13	784445	https://www.census.gov/geo/maps-data/data/tiger-data.html	18.636674
USA	United States	495.648577	1501	1328.909292924289	Congressional District 1	US Census Bureau	HI	15	658672	https://www.census.gov/geo/maps-data/data/tiger-data.html	348.398491
USA	United States	16138.881398	1502	43.47445047132876	Congressional District 2	US Census Bureau	HI	15	701629	https://www.census.gov/geo/maps-data/data/tiger-data.html	11330.095967
USA	United States	102208.070873	1601	8.237412102671923	Congressional District 1	US Census Bureau	ID	16	841930	https://www.census.gov/geo/maps-data/data/tiger-data.html	1316.715516
USA	United States	111836.609984	1602	6.488501395954474	Congressional District 2	US Census Bureau	ID	16	725652	https://www.census.gov/geo/maps-data/data/tiger-data.html	1081.172288
USA	United States	252.729607	1701	2324.9986694277572	Congressional District 1	US Census Bureau	IL	17	587596	https://www.census.gov/geo/maps-data/data/tiger-data.html	1.81169
USA	United States	478.986575	1702	1258.402701578849	Congressional District 2	US Census Bureau	IL	17	602758	https://www.census.gov/geo/maps-data/data/tiger-data.html	18.459366
USA	United States	322.452098	1703	2057.3009266015074	Congressional District 3	US Census Bureau	IL	17	663381	https://www.census.gov/geo/maps-data/data/tiger-data.html	3.248269
USA	United States	101.576753	1704	5918.243911576894	Congressional District 4	US Census Bureau	IL	17	601156	https://www.census.gov/geo/maps-data/data/tiger-data.html	0.839429
USA	United States	147.765279	1705	4389.461478294911	Congressional District 5	US Census Bureau	IL	17	648610	https://www.census.gov/geo/maps-data/data/tiger-data.html	2.310579
USA	United States	544.366422	1706	1207.148298357021	Congressional District 6	US Census Bureau	IL	17	657131	https://www.census.gov/geo/maps-data/data/tiger-data.html	11.59467
USA	United States	145.739494	1707	4378.3945071196695	Congressional District 7	US Census Bureau	IL	17	638105	https://www.census.gov/geo/maps-data/data/tiger-data.html	6.727865
USA	United States	1591.753775	1708	464.1672673275112	Congressional District 8	US Census Bureau	IL	17	738840	https://www.census.gov/geo/maps-data/data/tiger-data.html	82.810285
USA	United States	195.097712	1709	3223.3027930127646	Congressional District 9	US Census Bureau	IL	17	628859	https://www.census.gov/geo/maps-data/data/tiger-data.html	5.717295
USA	United States	644.133247	1710	1009.7677817894098	Congressional District 10	US Census Bureau	IL	17	650425	https://www.census.gov/geo/maps-data/data/tiger-data.html	9.752635
USA	United States	10980.350915	1711	69.16400084832807	Congressional District 11	US Census Bureau	IL	17	759445	https://www.census.gov/geo/maps-data/data/tiger-data.html	116.58784
USA	United States	11378.966546	1712	58.56937862553762	Congressional District 12	US Census Bureau	IL	17	666459	https://www.census.gov/geo/maps-data/data/tiger-data.html	422.998341
USA	United States	914.048314	1713	845.7922717638753	Congressional District 13	US Census Bureau	IL	17	773095	https://www.census.gov/geo/maps-data/data/tiger-data.html	22.814491
USA	United States	7376.316778	1714	114.00757658729715	Congressional District 14	US Census Bureau	IL	17	840956	https://www.census.gov/geo/maps-data/data/tiger-data.html	46.409525
USA	United States	26084.405955	1715	26.12978808778856	Congressional District 15	US Census Bureau	IL	17	681580	https://www.census.gov/geo/maps-data/data/tiger-data.html	132.798216
USA	United States	10609.102797	1716	67.75228911942081	Congressional District 16	US Census Bureau	IL	17	718791	https://www.census.gov/geo/maps-data/data/tiger-data.html	160.111892
USA	United States	21025.192776	1717	30.19197049763117	Congressional District 17	US Census Bureau	IL	17	634792	https://www.census.gov/geo/maps-data/data/tiger-data.html	439.646623
USA	United States	21206.549232	1718	31.39233039364299	Congressional District 18	US Census Bureau	IL	17	665723	https://www.census.gov/geo/maps-data/data/tiger-data.html	296.052086
USA	United States	29793.82811	1719	22.586221465583936	Congressional District 19	US Census Bureau	IL	17	672930	https://www.census.gov/geo/maps-data/data/tiger-data.html	366.836652
USA	United States	5725.969968	1801	123.22803017537586	Congressional District 1	US Census Bureau	IN	18	705600	https://www.census.gov/geo/maps-data/data/tiger-data.html	601.970915
USA	United States	9525.69724	1802	71.30753611900435	Congressional District 2	US Census Bureau	IN	18	679254	https://www.census.gov/geo/maps-data/data/tiger-data.html	108.09641
USA	United States	8374.809839	1803	86.40590221286814	Congressional District 3	US Census Bureau	IN	18	723633	https://www.census.gov/geo/maps-data/data/tiger-data.html	153.231229
USA	United States	10393.698206	1804	75.99171963104044	Congressional District 4	US Census Bureau	IN	18	789835	https://www.census.gov/geo/maps-data/data/tiger-data.html	51.340331
USA	United States	8441.545636	1805	95.84820539848349	Congressional District 5	US Census Bureau	IN	18	809107	https://www.census.gov/geo/maps-data/data/tiger-data.html	81.364442
USA	United States	14351.27852	1806	47.142001951753635	Congressional District 6	US Census Bureau	IN	18	676548	https://www.census.gov/geo/maps-data/data/tiger-data.html	79.178345
USA	United States	676.994824	1807	999.0489971604273	Congressional District 7	US Census Bureau	IN	18	676351	https://www.census.gov/geo/maps-data/data/tiger-data.html	7.753215
USA	United States	18229.372047	1808	38.09226111627234	Congressional District 8	US Census Bureau	IN	18	694398	https://www.census.gov/geo/maps-data/data/tiger-data.html	244.671891
USA	United States	17069.827378	1809	42.711386814587854	Congressional District 9	US Census Bureau	IN	18	729076	https://www.census.gov/geo/maps-data/data/tiger-data.html	209.397413
USA	United States	18680.211607	1901	31.92913509483458	Congressional District 1	US Census Bureau	IA	19	596443	https://www.census.gov/geo/maps-data/data/tiger-data.html	204.7449
USA	United States	19589.23332	1902	31.69373654690841	Congressional District 2	US Census Bureau	IA	19	620856	https://www.census.gov/geo/maps-data/data/tiger-data.html	312.148359
USA	United States	18087.499575	1903	35.50053988045498	Congressional District 3	US Census Bureau	IA	19	642116	https://www.census.gov/geo/maps-data/data/tiger-data.html	128.006616
USA	United States	40818.455978	1904	14.931652493874251	Congressional District 4	US Census Bureau	IA	19	609487	https://www.census.gov/geo/maps-data/data/tiger-data.html	189.49004
USA	United States	47493.896377	1905	12.158467593735788	Congressional District 5	US Census Bureau	IA	19	577453	https://www.census.gov/geo/maps-data/data/tiger-data.html	242.20509
USA	United States	148581.674511	2001	4.410436227460105	Congressional District 1	US Census Bureau	KS	20	655310	https://www.census.gov/geo/maps-data/data/tiger-data.html	542.764932
USA	United States	36499.563704	2002	19.453575000464614	Congressional District 2	US Census Bureau	KS	20	710047	https://www.census.gov/geo/maps-data/data/tiger-data.html	583.112333
USA	United States	2002.67266	2003	383.27232169834485	Congressional District 3	US Census Bureau	KS	20	767569	https://www.census.gov/geo/maps-data/data/tiger-data.html	36.629029
USA	United States	24670.185038	2004	29.192809007742476	Congressional District 4	US Census Bureau	KS	20	720192	https://www.census.gov/geo/maps-data/data/tiger-data.html	183.362636
USA	United States	30034.493452	2101	22.87333399172921	Congressional District 1	US Census Bureau	KY	21	686989	https://www.census.gov/geo/maps-data/data/tiger-data.html	1196.032327
USA	United States	19431.455567	2102	39.113487786820514	Congressional District 2	US Census Bureau	KY	21	760032	https://www.census.gov/geo/maps-data/data/tiger-data.html	430.100768
USA	United States	938.121294	2103	769.2246243799685	Congressional District 3	US Census Bureau	KY	21	721626	https://www.census.gov/geo/maps-data/data/tiger-data.html	40.059441
USA	United States	14654.43077	2104	50.59657462218848	Congressional District 4	US Census Bureau	KY	21	741464	https://www.census.gov/geo/maps-data/data/tiger-data.html	289.180135
USA	United States	27546.897201	2105	24.32400989159955	Congressional District 5	US Census Bureau	KY	21	670051	https://www.census.gov/geo/maps-data/data/tiger-data.html	313.013908
USA	United States	9663.743357	2106	78.56220637834558	Congressional District 6	US Census Bureau	KY	21	759205	https://www.census.gov/geo/maps-data/data/tiger-data.html	118.183113
USA	United States	6197.212655	2201	110.84999631983743	Congressional District 1	US Census Bureau	LA	22	686961	https://www.census.gov/geo/maps-data/data/tiger-data.html	1158.500401
USA	United States	655.901098	2202	752.1743773632164	Congressional District 2	US Census Bureau	LA	22	493352	https://www.census.gov/geo/maps-data/data/tiger-data.html	495.010716
USA	United States	17440.656998	2203	36.54512556912795	Congressional District 3	US Census Bureau	LA	22	637371	https://www.census.gov/geo/maps-data/data/tiger-data.html	16763.827839
USA	United States	27841.960643	2204	23.96056113123355	Congressional District 4	US Census Bureau	LA	22	667109	https://www.census.gov/geo/maps-data/data/tiger-data.html	1038.955136
USA	United States	35678.05215	2205	18.058609177743463	Congressional District 5	US Census Bureau	LA	22	644296	https://www.census.gov/geo/maps-data/data/tiger-data.html	1163.497058
USA	United States	7962.082041	2206	91.37032201550007	Congressional District 6	US Census Bureau	LA	22	727498	https://www.census.gov/geo/maps-data/data/tiger-data.html	350.757005
USA	United States	16121.728867	2207	41.97967882869742	Congressional District 7	US Census Bureau	LA	22	676785	https://www.census.gov/geo/maps-data/data/tiger-data.html	2790.595111
USA	United States	9152.779454	2301	73.03956173748313	Congressional District 1	US Census Bureau	ME	23	668515	https://www.census.gov/geo/maps-data/data/tiger-data.html	4834.094901
USA	United States	70730.021226	2302	9.329079626480361	Congressional District 2	US Census Bureau	ME	23	659846	https://www.census.gov/geo/maps-data/data/tiger-data.html	6916.217904
USA	United States	9360.412929	2401	79.51305200373389	Congressional District 1	US Census Bureau	MD	24	744275	https://www.census.gov/geo/maps-data/data/tiger-data.html	225.373702
USA	United States	916.73662	2402	764.5522003909913	Congressional District 2	US Census Bureau	MD	24	700893	https://www.census.gov/geo/maps-data/data/tiger-data.html	55.681728
USA	United States	757.214966	2403	950.6626682283509	Congressional District 3	US Census Bureau	MD	24	719856	https://www.census.gov/geo/maps-data/data/tiger-data.html	2.860635
USA	United States	814.77748	2404	876.7007158813472	Congressional District 4	US Census Bureau	MD	24	714316	https://www.census.gov/geo/maps-data/data/tiger-data.html	9.423981
USA	United States	3862.179916	2405	198.6880509685712	Congressional District 5	US Census Bureau	MD	24	767369	https://www.census.gov/geo/maps-data/data/tiger-data.html	35.000018
USA	United States	7910.365721	2406	93.4145178696726	Congressional District 6	US Census Bureau	MD	24	738943	https://www.census.gov/geo/maps-data/data/tiger-data.html	111.807538
USA	United States	758.018386	2407	870.3957742787521	Congressional District 7	US Census Bureau	MD	24	659776	https://www.census.gov/geo/maps-data/data/tiger-data.html	7.965326
USA	United States	760.929194	2408	956.8879808283449	Congressional District 8	US Census Bureau	MD	24	728124	https://www.census.gov/geo/maps-data/data/tiger-data.html	32.944972
USA	United States	8003.5873	2501	80.58336541165734	Congressional District 1	US Census Bureau	MA	25	644956	https://www.census.gov/geo/maps-data/data/tiger-data.html	261.19539
USA	United States	2383.136197	2502	277.3844821928992	Congressional District 2	US Census Bureau	MA	25	661045	https://www.census.gov/geo/maps-data/data/tiger-data.html	83.583944
USA	United States	1499.467301	2503	443.4368122309591	Congressional District 3	US Census Bureau	MA	25	664919	https://www.census.gov/geo/maps-data/data/tiger-data.html	85.231354
USA	United States	1883.514639	2504	348.32912174674107	Congressional District 4	US Census Bureau	MA	25	656083	https://www.census.gov/geo/maps-data/data/tiger-data.html	301.839857
USA	United States	1455.931926	2505	454.87634976142425	Congressional District 5	US Census Bureau	MA	25	662269	https://www.census.gov/geo/maps-data/data/tiger-data.html	51.808528
USA	United States	1223.035146	2506	531.5963340271826	Congressional District 6	US Census Bureau	MA	25	650161	https://www.census.gov/geo/maps-data/data/tiger-data.html	860.214503
USA	United States	438.108207	2507	1479.4564211393556	Congressional District 7	US Census Bureau	MA	25	648162	https://www.census.gov/geo/maps-data/data/tiger-data.html	48.616424
USA	United States	105.428126	2508	6264.115896359573	Congressional District 8	US Census Bureau	MA	25	660414	https://www.census.gov/geo/maps-data/data/tiger-data.html	133.293129
USA	United States	804.914981	2509	808.0120451876644	Congressional District 9	US Census Bureau	MA	25	650381	https://www.census.gov/geo/maps-data/data/tiger-data.html	23.040688
USA	United States	2404.933982	2510	269.96125667452935	Congressional District 10	US Census Bureau	MA	25	649239	https://www.census.gov/geo/maps-data/data/tiger-data.html	5284.860019
USA	United States	64303.8586	2601	10.111710465847535	Congressional District 1	US Census Bureau	MI	26	650222	https://www.census.gov/geo/maps-data/data/tiger-data.html	21654.225006
USA	United States	13701.559105	2602	51.003757648644616	Congressional District 2	US Census Bureau	MI	26	698831	https://www.census.gov/geo/maps-data/data/tiger-data.html	7076.9964
USA	United States	4767.682064	2603	145.70917076151747	Congressional District 3	US Census Bureau	MI	26	694695	https://www.census.gov/geo/maps-data/data/tiger-data.html	145.797303
USA	United States	19226.79545	2604	35.69903272674594	Congressional District 4	US Census Bureau	MI	26	686378	https://www.census.gov/geo/maps-data/data/tiger-data.html	1630.957851
USA	United States	4500.380866	2605	141.1278331570437	Congressional District 5	US Census Bureau	MI	26	635129	https://www.census.gov/geo/maps-data/data/tiger-data.html	939.603247
USA	United States	8592.834369	2606	78.19108004966597	Congressional District 6	US Census Bureau	MI	26	671883	https://www.census.gov/geo/maps-data/data/tiger-data.html	2289.008923
USA	United States	11088.084053	2607	61.047426838080085	Congressional District 7	US Census Bureau	MI	26	676899	https://www.census.gov/geo/maps-data/data/tiger-data.html	218.832081
USA	United States	5784.371227	2608	122.32479075638	Congressional District 8	US Census Bureau	MI	26	707572	https://www.census.gov/geo/maps-data/data/tiger-data.html	139.938813
USA	United States	801.810861	2609	820.131070786281	Congressional District 9	US Census Bureau	MI	26	657590	https://www.census.gov/geo/maps-data/data/tiger-data.html	35.490732
USA	United States	9147.735234	2610	78.67652283212114	Congressional District 10	US Census Bureau	MI	26	719712	https://www.census.gov/geo/maps-data/data/tiger-data.html	5077.427234
USA	United States	1030.443846	2611	675.328406008065	Congressional District 11	US Census Bureau	MI	26	695888	https://www.census.gov/geo/maps-data/data/tiger-data.html	41.218859
USA	United States	414.767905	2612	1534.8366937890241	Congressional District 12	US Census Bureau	MI	26	636601	https://www.census.gov/geo/maps-data/data/tiger-data.html	86.701102
USA	United States	280.37937	2613	1853.0963957868942	Congressional District 13	US Census Bureau	MI	26	519570	https://www.census.gov/geo/maps-data/data/tiger-data.html	96.223273
USA	United States	315.890017	2614	1742.5843501727375	Congressional District 14	US Census Bureau	MI	26	550465	https://www.census.gov/geo/maps-data/data/tiger-data.html	27.912755
USA	United States	2478.482251	2615	275.2511137510664	Congressional District 15	US Census Bureau	MI	26	682205	https://www.census.gov/geo/maps-data/data/tiger-data.html	80.412942
USA	United States	34462.275389	2701	18.70993695923541	Congressional District 1	US Census Bureau	MN	27	644787	https://www.census.gov/geo/maps-data/data/tiger-data.html	554.678308
USA	United States	7826.702653	2702	93.59177580602537	Congressional District 2	US Census Bureau	MN	27	732515	https://www.census.gov/geo/maps-data/data/tiger-data.html	340.12746
USA	United States	1203.647438	2703	540.1789423324474	Congressional District 3	US Census Bureau	MN	27	650185	https://www.census.gov/geo/maps-data/data/tiger-data.html	126.012269
USA	United States	510.623511	2704	1203.6735221931447	Congressional District 4	US Census Bureau	MN	27	614624	https://www.census.gov/geo/maps-data/data/tiger-data.html	58.464019
USA	United States	320.220379	2705	1925.1804083337245	Congressional District 5	US Census Bureau	MN	27	616482	https://www.census.gov/geo/maps-data/data/tiger-data.html	15.485125
USA	United States	7951.908435	2706	95.50889653824339	Congressional District 6	US Census Bureau	MN	27	759478	https://www.census.gov/geo/maps-data/data/tiger-data.html	431.134882
USA	United States	82410.267758	2707	7.590219241088175	Congressional District 7	US Census Bureau	MN	27	625512	https://www.census.gov/geo/maps-data/data/tiger-data.html	4987.979498
USA	United States	71546.663636	2708	9.229528903815117	Congressional District 8	US Census Bureau	MN	27	660342	https://www.census.gov/geo/maps-data/data/tiger-data.html	12416.573076
USA	United States	29572.686844	2801	26.64942161519884	Congressional District 1	US Census Bureau	MS	28	788095	https://www.census.gov/geo/maps-data/data/tiger-data.html	594.161948
USA	United States	35328.727723	2802	18.91556937004957	Congressional District 2	US Census Bureau	MS	28	668263	https://www.census.gov/geo/maps-data/data/tiger-data.html	766.438449
USA	United States	34127.071882	2803	22.179576455231498	Congressional District 3	US Census Bureau	MS	28	756924	https://www.census.gov/geo/maps-data/data/tiger-data.html	350.169668
USA	United States	22502.229479	2804	33.50845749323095	Congressional District 4	US Census Bureau	MS	28	754015	https://www.census.gov/geo/maps-data/data/tiger-data.html	2196.23773
USA	United States	563.269851	2901	1042.2517714337953	Congressional District 1	US Census Bureau	MO	29	587069	https://www.census.gov/geo/maps-data/data/tiger-data.html	23.227493
USA	United States	3223.052051	2902	219.24002120312016	Congressional District 2	US Census Bureau	MO	29	706622	https://www.census.gov/geo/maps-data/data/tiger-data.html	116.117725
USA	United States	3220.837682	2903	194.12682715874908	Congressional District 3	US Census Bureau	MO	29	625251	https://www.census.gov/geo/maps-data/data/tiger-data.html	50.574429
USA	United States	37552.992456	2904	18.091101549257584	Congressional District 4	US Census Bureau	MO	29	679375	https://www.census.gov/geo/maps-data/data/tiger-data.html	858.054412
USA	United States	1322.717021	2905	479.2309994777031	Congressional District 5	US Census Bureau	MO	29	633887	https://www.census.gov/geo/maps-data/data/tiger-data.html	21.333985
USA	United States	33673.658754	2906	20.608808952711883	Congressional District 6	US Census Bureau	MO	29	693974	https://www.census.gov/geo/maps-data/data/tiger-data.html	319.738972
USA	United States	14177.642869	2907	50.9078982076876	Congressional District 7	US Census Bureau	MO	29	721754	https://www.census.gov/geo/maps-data/data/tiger-data.html	209.649181
USA	United States	48306.32511	2908	13.598509066963054	Congressional District 8	US Census Bureau	MO	29	656894	https://www.census.gov/geo/maps-data/data/tiger-data.html	437.664559
USA	United States	35999.220507	2909	19.003217024295775	Congressional District 9	US Census Bureau	MO	29	684101	https://www.census.gov/geo/maps-data/data/tiger-data.html	464.202956
USA	United States	376961.87867	3000	2.624708374997658	Congressional District (at Large)	US Census Bureau	MT	30	989415	https://www.census.gov/geo/maps-data/data/tiger-data.html	3869.200368
USA	United States	30874.219004	3101	20.27879636142002	Congressional District 1	US Census Bureau	NE	31	626092	https://www.census.gov/geo/maps-data/data/tiger-data.html	294.36671
USA	United States	1056.196735	3102	604.8787870945274	Congressional District 2	US Census Bureau	NE	31	638871	https://www.census.gov/geo/maps-data/data/tiger-data.html	33.171223
USA	United States	167043.265722	3103	3.3606742395366442	Congressional District 3	US Census Bureau	NE	31	561378	https://www.census.gov/geo/maps-data/data/tiger-data.html	1028.681916
USA	United States	458.32025	3201	1789.4343529442567	Congressional District 1	US Census Bureau	NV	32	820134	https://www.census.gov/geo/maps-data/data/tiger-data.html	0.137478
USA	United States	271997.241503	3202	3.0756267798060484	Congressional District 2	US Census Bureau	NV	32	836562	https://www.census.gov/geo/maps-data/data/tiger-data.html	1612.452194
USA	United States	11876.375788	3203	87.8933959848863	Congressional District 3	US Census Bureau	NV	32	1043855	https://www.census.gov/geo/maps-data/data/tiger-data.html	435.172006
USA	United States	6333.155788	3301	103.89512306751422	Congressional District 1	US Census Bureau	NH	33	657984	https://www.census.gov/geo/maps-data/data/tiger-data.html	633.153772
USA	United States	16854.103489	3302	39.06977315226333	Congressional District 2	US Census Bureau	NH	33	658486	https://www.census.gov/geo/maps-data/data/tiger-data.html	393.805384
USA	United States	859.053481	3401	778.9608153627864	Congressional District 1	US Census Bureau	NJ	34	669169	https://www.census.gov/geo/maps-data/data/tiger-data.html	52.484589
USA	United States	5074.774392	3402	136.40113757395974	Congressional District 2	US Census Bureau	NJ	34	692205	https://www.census.gov/geo/maps-data/data/tiger-data.html	1877.811077
USA	United States	2372.936025	3403	286.7085302057395	Congressional District 3	US Census Bureau	NJ	34	680341	https://www.census.gov/geo/maps-data/data/tiger-data.html	682.536131
USA	United States	1849.112976	3404	391.8614002522689	Congressional District 4	US Census Bureau	NJ	34	724596	https://www.census.gov/geo/maps-data/data/tiger-data.html	124.397564
USA	United States	2835.881244	3405	235.04192970359796	Congressional District 5	US Census Bureau	NJ	34	666551	https://www.census.gov/geo/maps-data/data/tiger-data.html	92.337934
USA	United States	506.90258	3406	1319.397506321629	Congressional District 6	US Census Bureau	NJ	34	668806	https://www.census.gov/geo/maps-data/data/tiger-data.html	498.272818
USA	United States	1531.698997	3407	439.30628753947013	Congressional District 7	US Census Bureau	NJ	34	672885	https://www.census.gov/geo/maps-data/data/tiger-data.html	28.520157
USA	United States	276.034221	3408	2392.5439302687037	Congressional District 8	US Census Bureau	NJ	34	660424	https://www.census.gov/geo/maps-data/data/tiger-data.html	7.753874
USA	United States	239.468507	3409	2761.862126613584	Congressional District 9	US Census Bureau	NJ	34	661379	https://www.census.gov/geo/maps-data/data/tiger-data.html	20.302438
USA	United States	172.006649	3410	3687.898134681991	Congressional District 10	US Census Bureau	NJ	34	634343	https://www.census.gov/geo/maps-data/data/tiger-data.html	7.80707
USA	United States	1554.628087	3411	433.7686972459799	Congressional District 11	US Census Bureau	NJ	34	674349	https://www.census.gov/geo/maps-data/data/tiger-data.html	71.135198
USA	United States	1628.908973	3412	430.89025331312973	Congressional District 12	US Census Bureau	NJ	34	701881	https://www.census.gov/geo/maps-data/data/tiger-data.html	34.780977
USA	United States	145.935559	3413	4693.612747253738	Congressional District 13	US Census Bureau	NJ	34	684965	https://www.census.gov/geo/maps-data/data/tiger-data.html	45.890382
USA	United States	12208.284018	3501	57.496942155429466	Congressional District 1	US Census Bureau	NM	35	701939	https://www.census.gov/geo/maps-data/data/tiger-data.html	17.760839
USA	United States	179858.932582	3502	3.6915375314889847	Congressional District 2	US Census Bureau	NM	35	663956	https://www.census.gov/geo/maps-data/data/tiger-data.html	400.511483
USA	United States	122093.53164	3503	5.678302451305847	Congressional District 3	US Census Bureau	NM	35	693284	https://www.census.gov/geo/maps-data/data/tiger-data.html	338.387351
USA	United States	1676.305581	3601	420.9011817398465	Congressional District 1	US Census Bureau	NY	36	705559	https://www.census.gov/geo/maps-data/data/tiger-data.html	3360.100175
USA	United States	618.272303	3602	1099.6659509103063	Congressional District 2	US Census Bureau	NY	36	679893	https://www.census.gov/geo/maps-data/data/tiger-data.html	234.712841
USA	United States	469.559882	3603	1374.7085829619489	Congressional District 3	US Census Bureau	NY	36	645508	https://www.census.gov/geo/maps-data/data/tiger-data.html	549.62368
USA	United States	232.567962	3604	2852.529618847501	Congressional District 4	US Census Bureau	NY	36	663407	https://www.census.gov/geo/maps-data/data/tiger-data.html	35.884624
USA	United States	170.904208	3605	3921.0854305003418	Congressional District 5	US Census Bureau	NY	36	670130	https://www.census.gov/geo/maps-data/data/tiger-data.html	49.289662
USA	United States	101.828659	3606	6400.594944493966	Congressional District 6	US Census Bureau	NY	36	651764	https://www.census.gov/geo/maps-data/data/tiger-data.html	18.155582
USA	United States	68.175643	3607	9792.822929444172	Congressional District 7	US Census Bureau	NY	36	667632	https://www.census.gov/geo/maps-data/data/tiger-data.html	41.054142
USA	United States	38.519481	3608	18523.406377152383	Congressional District 8	US Census Bureau	NY	36	713512	https://www.census.gov/geo/maps-data/data/tiger-data.html	34.40669
USA	United States	95.922937	3609	6883.713329169644	Congressional District 9	US Census Bureau	NY	36	660306	https://www.census.gov/geo/maps-data/data/tiger-data.html	172.16565
USA	United States	46.544139	3610	14560.82365171692	Congressional District 10	US Census Bureau	NY	36	677721	https://www.census.gov/geo/maps-data/data/tiger-data.html	0.340529
USA	United States	31.151203	3611	20301.238446553733	Congressional District 11	US Census Bureau	NY	36	632408	https://www.census.gov/geo/maps-data/data/tiger-data.html	0.283405
USA	United States	48.161221	3612	13960.567984769325	Congressional District 12	US Census Bureau	NY	36	672358	https://www.census.gov/geo/maps-data/data/tiger-data.html	3.328923
USA	United States	167.331923	3613	4102.773623177689	Congressional District 13	US Census Bureau	NY	36	686525	https://www.census.gov/geo/maps-data/data/tiger-data.html	125.795484
USA	United States	32.362211	3614	20167.997792239843	Congressional District 14	US Census Bureau	NY	36	652681	https://www.census.gov/geo/maps-data/data/tiger-data.html	5.191483
USA	United States	26.574909	3615	24078.088094299776	Congressional District 15	US Census Bureau	NY	36	639873	https://www.census.gov/geo/maps-data/data/tiger-data.html	14.013038
USA	United States	30.586075	3616	22684.14629860157	Congressional District 16	US Census Bureau	NY	36	693819	https://www.census.gov/geo/maps-data/data/tiger-data.html	2.353991
USA	United States	328.355955	3617	2066.5317307858786	Congressional District 17	US Census Bureau	NY	36	678558	https://www.census.gov/geo/maps-data/data/tiger-data.html	49.942125
USA	United States	571.789457	3618	1180.198395998057	Congressional District 18	US Census Bureau	NY	36	674825	https://www.census.gov/geo/maps-data/data/tiger-data.html	127.819639
USA	United States	3608.445026	3619	193.9780140632798	Congressional District 19	US Census Bureau	NY	36	699959	https://www.census.gov/geo/maps-data/data/tiger-data.html	199.186159
USA	United States	18129.238443	3620	37.68487033517915	Congressional District 20	US Census Bureau	NY	36	683198	https://www.census.gov/geo/maps-data/data/tiger-data.html	518.095554
USA	United States	4999.994055	3621	135.83876151228745	Congressional District 21	US Census Bureau	NY	36	679193	https://www.census.gov/geo/maps-data/data/tiger-data.html	82.290567
USA	United States	8390.141161	3622	80.96371526591054	Congressional District 22	US Census Bureau	NY	36	679297	https://www.census.gov/geo/maps-data/data/tiger-data.html	242.605593
USA	United States	34218.646144	3623	19.411784943352316	Congressional District 23	US Census Bureau	NY	36	664245	https://www.census.gov/geo/maps-data/data/tiger-data.html	3950.665509
USA	United States	15946.367294	3624	41.214527916166034	Congressional District 24	US Census Bureau	NY	36	657222	https://www.census.gov/geo/maps-data/data/tiger-data.html	520.1317
USA	United States	4186.008019	3625	159.78684153590964	Congressional District 25	US Census Bureau	NY	36	668869	https://www.census.gov/geo/maps-data/data/tiger-data.html	2441.757327
USA	United States	7067.586114	3626	95.47870929556812	Congressional District 26	US Census Bureau	NY	36	674804	https://www.census.gov/geo/maps-data/data/tiger-data.html	50.912896
USA	United States	4733.398873	3627	132.94273668535604	Congressional District 27	US Census Bureau	NY	36	629271	https://www.census.gov/geo/maps-data/data/tiger-data.html	1596.217201
USA	United States	1380.003534	3628	443.3597341787677	Congressional District 28	US Census Bureau	NY	36	611838	https://www.census.gov/geo/maps-data/data/tiger-data.html	4532.582597
USA	United States	14642.064535	3629	45.330151251105654	Congressional District 29	US Census Bureau	NY	36	663727	https://www.census.gov/geo/maps-data/data/tiger-data.html	281.017334
USA	United States	18643.305296	3701	34.11068959625109	Congressional District 1	US Census Bureau	NC	37	635936	https://www.census.gov/geo/maps-data/data/tiger-data.html	1209.305382
USA	United States	10234.953225	3702	72.45524075172312	Congressional District 2	US Census Bureau	NC	37	741576	https://www.census.gov/geo/maps-data/data/tiger-data.html	70.639388
USA	United States	15977.349544	3703	46.063898018453465	Congressional District 3	US Census Bureau	NC	37	735979	https://www.census.gov/geo/maps-data/data/tiger-data.html	10041.471039
USA	United States	3232.823219	3704	255.77581698258646	Congressional District 4	US Census Bureau	NC	37	826878	https://www.census.gov/geo/maps-data/data/tiger-data.html	127.264437
USA	United States	11363.387673	3705	61.021767447711724	Congressional District 5	US Census Bureau	NC	37	693414	https://www.census.gov/geo/maps-data/data/tiger-data.html	94.707432
USA	United States	7592.403584	3706	94.09563020405423	Congressional District 6	US Census Bureau	NC	37	714412	https://www.census.gov/geo/maps-data/data/tiger-data.html	145.357443
USA	United States	15722.366165	3707	47.25357444313154	Congressional District 7	US Census Bureau	NC	37	742938	https://www.census.gov/geo/maps-data/data/tiger-data.html	1145.533589
USA	United States	8492.070814	3708	83.54252049222254	Congressional District 8	US Census Bureau	NC	37	709449	https://www.census.gov/geo/maps-data/data/tiger-data.html	101.85121
USA	United States	2552.133388	3709	333.98606985349306	Congressional District 9	US Census Bureau	NC	37	852377	https://www.census.gov/geo/maps-data/data/tiger-data.html	84.976248
USA	United States	8546.006586	3710	80.67721374442667	Congressional District 10	US Census Bureau	NC	37	689468	https://www.census.gov/geo/maps-data/data/tiger-data.html	160.706691
USA	United States	15601.29782	3711	45.099196753876214	Congressional District 11	US Census Bureau	NC	37	703606	https://www.census.gov/geo/maps-data/data/tiger-data.html	167.300184
USA	United States	2122.145413	3712	346.9818776268749	Congressional District 12	US Census Bureau	NC	37	736346	https://www.census.gov/geo/maps-data/data/tiger-data.html	21.858189
USA	United States	5839.54848	3713	128.96613540915408	Congressional District 13	US Census Bureau	NC	37	753104	https://www.census.gov/geo/maps-data/data/tiger-data.html	100.215099
USA	United States	178711.239147	3800	3.7635629589404633	Congressional District (at Large)	US Census Bureau	ND	38	672591	https://www.census.gov/geo/maps-data/data/tiger-data.html	4396.568298
USA	United States	1077.52773	3901	555.6228237393018	Congressional District 1	US Census Bureau	OH	39	598699	https://www.census.gov/geo/maps-data/data/tiger-data.html	11.379094
USA	United States	6753.269987	3902	99.78469708707057	Congressional District 2	US Census Bureau	OH	39	673873	https://www.census.gov/geo/maps-data/data/tiger-data.html	62.487353
USA	United States	4129.775615	3903	155.18978747226683	Congressional District 3	US Census Bureau	OH	39	640899	https://www.census.gov/geo/maps-data/data/tiger-data.html	40.712225
USA	United States	11953.610487	3904	52.93555454966198	Congressional District 4	US Census Bureau	OH	39	632771	https://www.census.gov/geo/maps-data/data/tiger-data.html	68.433373
USA	United States	15855.947653	3905	39.59391224915014	Congressional District 5	US Census Bureau	OH	39	627799	https://www.census.gov/geo/maps-data/data/tiger-data.html	97.974246
USA	United States	13410.045323	3906	46.51304190077568	Congressional District 6	US Census Bureau	OH	39	623742	https://www.census.gov/geo/maps-data/data/tiger-data.html	154.689777
USA	United States	7352.891543	3907	92.93908335293938	Congressional District 7	US Census Bureau	OH	39	683371	https://www.census.gov/geo/maps-data/data/tiger-data.html	64.389633
USA	United States	5204.592689	3908	127.51122703657934	Congressional District 8	US Census Bureau	OH	39	663644	https://www.census.gov/geo/maps-data/data/tiger-data.html	54.554064
USA	United States	2843.644974	3909	217.68188562908838	Congressional District 9	US Census Bureau	OH	39	619010	https://www.census.gov/geo/maps-data/data/tiger-data.html	2278.57127
USA	United States	504.095514	3910	1188.673541736775	Congressional District 10	US Census Bureau	OH	39	599205	https://www.census.gov/geo/maps-data/data/tiger-data.html	2.284579
USA	United States	348.335557	3911	1551.469521671599	Congressional District 11	US Census Bureau	OH	39	540432	https://www.census.gov/geo/maps-data/data/tiger-data.html	1.749517
USA	United States	2620.503907	3912	288.60975859632634	Congressional District 12	US Census Bureau	OH	39	756303	https://www.census.gov/geo/maps-data/data/tiger-data.html	50.594894
USA	United States	1371.502748	3913	473.2779434430998	Congressional District 13	US Census Bureau	OH	39	649102	https://www.census.gov/geo/maps-data/data/tiger-data.html	1099.081648
USA	United States	4636.713732	3914	139.78175868977715	Congressional District 14	US Census Bureau	OH	39	648128	https://www.census.gov/geo/maps-data/data/tiger-data.html	72.955505
USA	United States	3031.879355	3915	224.7968735550165	Congressional District 15	US Census Bureau	OH	39	681557	https://www.census.gov/geo/maps-data/data/tiger-data.html	30.68798
USA	United States	4480.912244	3916	143.87494440741384	Congressional District 16	US Census Bureau	OH	39	644691	https://www.census.gov/geo/maps-data/data/tiger-data.html	28.850912
USA	United States	2597.721695	3917	231.0143542917133	Congressional District 17	US Census Bureau	OH	39	600111	https://www.census.gov/geo/maps-data/data/tiger-data.html	76.856322
USA	United States	17655.722564	3918	36.99463432506619	Congressional District 18	US Census Bureau	OH	39	653167	https://www.census.gov/geo/maps-data/data/tiger-data.html	154.708201
USA	United States	4489.831718	4001	168.00406950129704	Congressional District 1	US Census Bureau	OK	40	754310	https://www.census.gov/geo/maps-data/data/tiger-data.html	146.497538
USA	United States	53169.241466	4002	13.727617319249118	Congressional District 2	US Census Bureau	OK	40	729887	https://www.census.gov/geo/maps-data/data/tiger-data.html	1805.247291
USA	United States	88239.393175	4003	8.300079744967036	Congressional District 3	US Census Bureau	OK	40	732394	https://www.census.gov/geo/maps-data/data/tiger-data.html	813.269011
USA	United States	26408.99181	4004	29.740779415236602	Congressional District 4	US Census Bureau	OK	40	785424	https://www.census.gov/geo/maps-data/data/tiger-data.html	553.131813
USA	United States	5352.563387	4005	139.9957264999317	Congressional District 5	US Census Bureau	OK	40	749336	https://www.census.gov/geo/maps-data/data/tiger-data.html	59.066845
USA	United States	7626.098546	4101	105.23991988288162	Congressional District 1	US Census Bureau	OR	41	802570	https://www.census.gov/geo/maps-data/data/tiger-data.html	754.721694
USA	United States	179979.124883	4102	4.278201710895914	Congressional District 2	US Census Bureau	OR	41	769987	https://www.census.gov/geo/maps-data/data/tiger-data.html	1903.167099
USA	United States	2633.002576	4103	289.46230700535403	Congressional District 3	US Census Bureau	OR	41	762155	https://www.census.gov/geo/maps-data/data/tiger-data.html	98.350187
USA	United States	44477.779279	4104	16.620299214197196	Congressional District 4	US Census Bureau	OR	41	739234	https://www.census.gov/geo/maps-data/data/tiger-data.html	2227.629202
USA	United States	13891.796971	4105	54.50180430800654	Congressional District 5	US Census Bureau	OR	41	757128	https://www.census.gov/geo/maps-data/data/tiger-data.html	1207.565046
USA	United States	151.48139	4201	4324.927306251942	Congressional District 1	US Census Bureau	PA	42	655146	https://www.census.gov/geo/maps-data/data/tiger-data.html	24.233565
USA	United States	151.473045	4202	4160.9845500894235	Congressional District 2	US Census Bureau	PA	42	630277	https://www.census.gov/geo/maps-data/data/tiger-data.html	3.703909
USA	United States	10277.394251	4203	62.307233172230674	Congressional District 3	US Census Bureau	PA	42	640356	https://www.census.gov/geo/maps-data/data/tiger-data.html	2096.971085
USA	United States	3365.732993	4204	192.3557220214705	Congressional District 4	US Census Bureau	PA	42	647418	https://www.census.gov/geo/maps-data/data/tiger-data.html	46.843741
USA	United States	28553.907352	4205	22.82566767361696	Congressional District 5	US Census Bureau	PA	42	651762	https://www.census.gov/geo/maps-data/data/tiger-data.html	211.143693
USA	United States	2096.233151	4206	346.55734723661	Congressional District 6	US Census Bureau	PA	42	726465	https://www.census.gov/geo/maps-data/data/tiger-data.html	23.993594
USA	United States	749.033643	4207	899.3227557870855	Congressional District 7	US Census Bureau	PA	42	673623	https://www.census.gov/geo/maps-data/data/tiger-data.html	10.282337
USA	United States	1595.51955	4208	421.60874807206216	Congressional District 8	US Census Bureau	PA	42	672685	https://www.census.gov/geo/maps-data/data/tiger-data.html	45.612211
USA	United States	18524.287745	4209	35.99652570609537	Congressional District 9	US Census Bureau	PA	42	666810	https://www.census.gov/geo/maps-data/data/tiger-data.html	122.740093
USA	United States	16939.046549	4210	39.50972081362571	Congressional District 10	US Census Bureau	PA	42	669257	https://www.census.gov/geo/maps-data/data/tiger-data.html	317.16114
USA	United States	5737.99088	4211	119.87819680884539	Congressional District 11	US Census Bureau	PA	42	687860	https://www.census.gov/geo/maps-data/data/tiger-data.html	85.77125
USA	United States	7134.756034	4212	85.83110579839625	Congressional District 12	US Census Bureau	PA	42	612384	https://www.census.gov/geo/maps-data/data/tiger-data.html	72.553429
USA	United States	657.024455	4213	1026.123144837889	Congressional District 13	US Census Bureau	PA	42	674188	https://www.census.gov/geo/maps-data/data/tiger-data.html	10.120818
USA	United States	418.973033	4214	1395.061147050006	Congressional District 14	US Census Bureau	PA	42	584493	https://www.census.gov/geo/maps-data/data/tiger-data.html	20.241345
USA	United States	2173.579701	4215	332.0918021399943	Congressional District 15	US Census Bureau	PA	42	721828	https://www.census.gov/geo/maps-data/data/tiger-data.html	29.309233
USA	United States	3322.516453	4216	217.90020011678178	Congressional District 16	US Census Bureau	PA	42	723977	https://www.census.gov/geo/maps-data/data/tiger-data.html	112.381347
USA	United States	6044.732117	4217	112.79821616617723	Congressional District 17	US Census Bureau	PA	42	681835	https://www.census.gov/geo/maps-data/data/tiger-data.html	118.736117
USA	United States	3707.036278	4218	176.25535630110173	Congressional District 18	US Census Bureau	PA	42	653385	https://www.census.gov/geo/maps-data/data/tiger-data.html	13.7861
USA	United States	4282.345694	4219	170.14740333104925	Congressional District 19	US Census Bureau	PA	42	728630	https://www.census.gov/geo/maps-data/data/tiger-data.html	31.537724
USA	United States	830.638165	4401	624.8460784365717	Congressional District 1	US Census Bureau	RI	44	519021	https://www.census.gov/geo/maps-data/data/tiger-data.html	631.588015
USA	United States	1846.928289	4402	288.8828998817723	Congressional District 2	US Census Bureau	RI	44	533546	https://www.census.gov/geo/maps-data/data/tiger-data.html	692.080524
USA	United States	6841.7087	4501	125.25467504923148	Congressional District 1	US Census Bureau	SC	45	856956	https://www.census.gov/geo/maps-data/data/tiger-data.html	2011.650581
USA	United States	12316.633526	4502	67.00889478101047	Congressional District 2	US Census Bureau	SC	45	825324	https://www.census.gov/geo/maps-data/data/tiger-data.html	1246.996634
USA	United States	13902.093325	4503	51.98317858364686	Congressional District 3	US Census Bureau	SC	45	722675	https://www.census.gov/geo/maps-data/data/tiger-data.html	518.260956
USA	United States	5548.551433	4504	138.81569077995425	Congressional District 4	US Census Bureau	SC	45	770226	https://www.census.gov/geo/maps-data/data/tiger-data.html	60.095042
USA	United States	18215.273817	4505	42.14995655368357	Congressional District 5	US Census Bureau	SC	45	767773	https://www.census.gov/geo/maps-data/data/tiger-data.html	279.423788
USA	United States	21032.581143	4506	32.445375836675076	Congressional District 6	US Census Bureau	SC	45	682410	https://www.census.gov/geo/maps-data/data/tiger-data.html	959.404884
USA	United States	196349.580075	4600	4.146583861748042	Congressional District (at Large)	US Census Bureau	SD	46	814180	https://www.census.gov/geo/maps-data/data/tiger-data.html	3379.099963
USA	United States	10606.974812	4701	64.4946379269294	Congressional District 1	US Census Bureau	TN	47	684093	https://www.census.gov/geo/maps-data/data/tiger-data.html	204.131083
USA	United States	6287.599162	4702	115.11516261634108	Congressional District 2	US Census Bureau	TN	47	723798	https://www.census.gov/geo/maps-data/data/tiger-data.html	166.102305
USA	United States	8833.343271	4703	78.37870427530903	Congressional District 3	US Census Bureau	TN	47	692346	https://www.census.gov/geo/maps-data/data/tiger-data.html	482.948171
USA	United States	25997.933988	4704	26.463949032164148	Congressional District 4	US Census Bureau	TN	47	688008	https://www.census.gov/geo/maps-data/data/tiger-data.html	302.612105
USA	United States	2318.612275	4705	305.10491453341416	Congressional District 5	US Census Bureau	TN	47	707420	https://www.census.gov/geo/maps-data/data/tiger-data.html	93.420017
USA	United States	14194.356061	4706	55.568142479330746	Congressional District 6	US Census Bureau	TN	47	788754	https://www.census.gov/geo/maps-data/data/tiger-data.html	247.684886
USA	United States	16298.131774	4707	48.63164754039005	Congressional District 7	US Census Bureau	TN	47	792605	https://www.census.gov/geo/maps-data/data/tiger-data.html	149.612673
USA	United States	21410.853861	4708	30.744126519821844	Congressional District 8	US Census Bureau	TN	47	658258	https://www.census.gov/geo/maps-data/data/tiger-data.html	678.166049
USA	United States	850.080788	4709	718.5470000293666	Congressional District 9	US Census Bureau	TN	47	610823	https://www.census.gov/geo/maps-data/data/tiger-data.html	30.541576
USA	United States	22013.576864	4801	32.8644456314194	Congressional District 1	US Census Bureau	TX	48	723464	https://www.census.gov/geo/maps-data/data/tiger-data.html	1080.805716
USA	United States	4924.773964	4802	158.86515923759055	Congressional District 2	US Census Bureau	TX	48	782375	https://www.census.gov/geo/maps-data/data/tiger-data.html	723.25474
USA	United States	684.924936	4803	1229.9873398097452	Congressional District 3	US Census Bureau	TX	48	842449	https://www.census.gov/geo/maps-data/data/tiger-data.html	6.427919
USA	United States	24474.08015	4804	34.572984758326044	Congressional District 4	US Census Bureau	TX	48	846142	https://www.census.gov/geo/maps-data/data/tiger-data.html	1007.56628
USA	United States	13987.837095	4805	51.876640760949606	Congressional District 5	US Census Bureau	TX	48	725642	https://www.census.gov/geo/maps-data/data/tiger-data.html	541.40155
USA	United States	16049.406269	4806	50.41276832544241	Congressional District 6	US Census Bureau	TX	48	809095	https://www.census.gov/geo/maps-data/data/tiger-data.html	357.831444
USA	United States	508.767539	4807	1534.3176208417651	Congressional District 7	US Census Bureau	TX	48	780611	https://www.census.gov/geo/maps-data/data/tiger-data.html	2.899945
USA	United States	21027.724415	4808	39.65098569606682	Congressional District 8	US Census Bureau	TX	48	833770	https://www.census.gov/geo/maps-data/data/tiger-data.html	767.365678
USA	United States	395.295865	4809	1856.3209610097997	Congressional District 9	US Census Bureau	TX	48	733796	https://www.census.gov/geo/maps-data/data/tiger-data.html	3.249987
USA	United States	9799.514789	4810	100.14444808038749	Congressional District 10	US Census Bureau	TX	48	981367	https://www.census.gov/geo/maps-data/data/tiger-data.html	161.623544
USA	United States	90614.14878	4811	7.8429473715572655	Congressional District 11	US Census Bureau	TX	48	710682	https://www.census.gov/geo/maps-data/data/tiger-data.html	517.783383
USA	United States	5613.229586	4812	148.06093128149487	Congressional District 12	US Census Bureau	TX	48	831100	https://www.census.gov/geo/maps-data/data/tiger-data.html	130.402819
USA	United States	103860.453641	4813	6.477739855879203	Congressional District 13	US Census Bureau	TX	48	672781	https://www.census.gov/geo/maps-data/data/tiger-data.html	784.763797
USA	United States	18188.753598	4814	42.8673683327996	Congressional District 14	US Census Bureau	TX	48	779704	https://www.census.gov/geo/maps-data/data/tiger-data.html	6104.964125
USA	United States	27762.946504	4815	28.351601653181646	Congressional District 15	US Census Bureau	TX	48	787124	https://www.census.gov/geo/maps-data/data/tiger-data.html	336.136645
USA	United States	1490.418607	4816	508.1974932697549	Congressional District 16	US Census Bureau	TX	48	757427	https://www.census.gov/geo/maps-data/data/tiger-data.html	5.184259
USA	United States	19825.233246	4817	38.3371025485084	Congressional District 17	US Census Bureau	TX	48	760042	https://www.census.gov/geo/maps-data/data/tiger-data.html	399.741676
USA	United States	584.655953	4818	1233.188503940539	Congressional District 18	US Census Bureau	TX	48	720991	https://www.census.gov/geo/maps-data/data/tiger-data.html	4.008815
USA	United States	65377.743328	4819	10.678511745158412	Congressional District 19	US Census Bureau	TX	48	698137	https://www.census.gov/geo/maps-data/data/tiger-data.html	293.799151
USA	United States	475.139022	4820	1497.887917107343	Congressional District 20	US Census Bureau	TX	48	711705	https://www.census.gov/geo/maps-data/data/tiger-data.html	3.085729
USA	United States	13260.987198	4821	64.62218741371264	Congressional District 21	US Census Bureau	TX	48	856954	https://www.census.gov/geo/maps-data/data/tiger-data.html	154.549811
USA	United States	2471.4934	4822	368.55328037695756	Congressional District 22	US Census Bureau	TX	48	910877	https://www.census.gov/geo/maps-data/data/tiger-data.html	125.697234
USA	United States	125375.636369	4823	6.760890907905195	Congressional District 23	US Census Bureau	TX	48	847651	https://www.census.gov/geo/maps-data/data/tiger-data.html	412.086272
USA	United States	869.831131	4824	910.8882997658542	Congressional District 24	US Census Bureau	TX	48	792319	https://www.census.gov/geo/maps-data/data/tiger-data.html	55.748534
USA	United States	15911.033458	4825	51.183413205038086	Congressional District 25	US Census Bureau	TX	48	814381	https://www.census.gov/geo/maps-data/data/tiger-data.html	104.960887
USA	United States	3324.493529	4826	275.2711028062284	Congressional District 26	US Census Bureau	TX	48	915137	https://www.census.gov/geo/maps-data/data/tiger-data.html	233.713925
USA	United States	12212.710104	4827	60.75580224875532	Congressional District 27	US Census Bureau	TX	48	741993	https://www.census.gov/geo/maps-data/data/tiger-data.html	4153.763466
USA	United States	35257.840781	4828	24.159845898987584	Congressional District 28	US Census Bureau	TX	48	851824	https://www.census.gov/geo/maps-data/data/tiger-data.html	324.156605
USA	United States	593.411026	4829	1140.915773951258	Congressional District 29	US Census Bureau	TX	48	677032	https://www.census.gov/geo/maps-data/data/tiger-data.html	53.912633
USA	United States	814.198234	4830	867.6867260313905	Congressional District 30	US Census Bureau	TX	48	706469	https://www.census.gov/geo/maps-data/data/tiger-data.html	12.788597
USA	United States	18426.314167	4831	48.957213679531634	Congressional District 31	US Census Bureau	TX	48	902101	https://www.census.gov/geo/maps-data/data/tiger-data.html	204.835992
USA	United States	410.42443	4832	1560.3822608707771	Congressional District 32	US Census Bureau	TX	48	640419	https://www.census.gov/geo/maps-data/data/tiger-data.html	6.108156
USA	United States	53878.646129	4901	16.827817050733078	Congressional District 1	US Census Bureau	UT	49	906660	https://www.census.gov/geo/maps-data/data/tiger-data.html	4910.88521
USA	United States	118168.38597	4902	7.540028516816679	Congressional District 2	US Census Bureau	UT	49	890993	https://www.census.gov/geo/maps-data/data/tiger-data.html	1051.032622
USA	United States	40771.297374	4903	23.698828887799127	Congressional District 3	US Census Bureau	UT	49	966232	https://www.census.gov/geo/maps-data/data/tiger-data.html	1101.648922
USA	United States	23871.030489	5000	26.213405419943953	Congressional District (at Large)	US Census Bureau	VT	50	625741	https://www.census.gov/geo/maps-data/data/tiger-data.html	1035.236182
USA	United States	9745.229171	5101	80.67916989984144	Congressional District 1	US Census Bureau	VA	51	786237	https://www.census.gov/geo/maps-data/data/tiger-data.html	2198.67064
USA	United States	2488.538522	5102	259.66405353479195	Congressional District 2	US Census Bureau	VA	51	646184	https://www.census.gov/geo/maps-data/data/tiger-data.html	4703.0772
USA	United States	2887.961901	5103	229.70870902773726	Congressional District 3	US Census Bureau	VA	51	663390	https://www.census.gov/geo/maps-data/data/tiger-data.html	494.850952
USA	United States	11607.366422	5104	63.63536509022598	Congressional District 4	US Census Bureau	VA	51	738639	https://www.census.gov/geo/maps-data/data/tiger-data.html	241.226533
USA	United States	23069.623142	5105	29.72996116054196	Congressional District 5	US Census Bureau	VA	51	685859	https://www.census.gov/geo/maps-data/data/tiger-data.html	379.418622
USA	United States	14574.1832	5106	48.30843624910657	Congressional District 6	US Census Bureau	VA	51	704056	https://www.census.gov/geo/maps-data/data/tiger-data.html	93.910716
USA	United States	9064.014951	5107	83.61824247833813	Congressional District 7	US Census Bureau	VA	51	757917	https://www.census.gov/geo/maps-data/data/tiger-data.html	147.93341
USA	United States	317.267807	5108	2209.5213713252665	Congressional District 8	US Census Bureau	VA	51	701010	https://www.census.gov/geo/maps-data/data/tiger-data.html	6.837076
USA	United States	22743.432087	5109	28.852285683614113	Congressional District 9	US Census Bureau	VA	51	656200	https://www.census.gov/geo/maps-data/data/tiger-data.html	147.43049
USA	United States	4785.054903	5110	181.69843766158348	Congressional District 10	US Census Bureau	VA	51	869437	https://www.census.gov/geo/maps-data/data/tiger-data.html	44.298065
USA	United States	996.177203	5111	795.1346383099273	Congressional District 11	US Census Bureau	VA	51	792095	https://www.census.gov/geo/maps-data/data/tiger-data.html	50.044959
USA	United States	1135.427594	5301	651.2568515223173	Congressional District 1	US Census Bureau	WA	53	739455	https://www.census.gov/geo/maps-data/data/tiger-data.html	464.288506
USA	United States	16946.421085	5302	44.84964678900518	Congressional District 2	US Census Bureau	WA	53	760041	https://www.census.gov/geo/maps-data/data/tiger-data.html	3711.123987
USA	United States	19443.183161	5303	40.083354332805484	Congressional District 3	US Census Bureau	WA	53	779348	https://www.census.gov/geo/maps-data/data/tiger-data.html	1169.339944
USA	United States	49320.895796	5304	15.701438254550231	Congressional District 4	US Census Bureau	WA	53	774409	https://www.census.gov/geo/maps-data/data/tiger-data.html	1006.504591
USA	United States	59212.030313	5305	12.220641585416665	Congressional District 5	US Census Bureau	WA	53	723609	https://www.census.gov/geo/maps-data/data/tiger-data.html	784.921472
USA	United States	17488.9944	5306	40.572372760322914	Congressional District 6	US Census Bureau	WA	53	709570	https://www.census.gov/geo/maps-data/data/tiger-data.html	4759.803935
USA	United States	365.722895	5307	1925.5699045037911	Congressional District 7	US Census Bureau	WA	53	704225	https://www.census.gov/geo/maps-data/data/tiger-data.html	273.332319
USA	United States	6641.586096	5308	122.0723466173674	Congressional District 8	US Census Bureau	WA	53	810754	https://www.census.gov/geo/maps-data/data/tiger-data.html	148.083878
USA	United States	1564.74027	5309	462.13995630086265	Congressional District 9	US Census Bureau	WA	53	723129	https://www.census.gov/geo/maps-data/data/tiger-data.html	224.436954
USA	United States	16253.632336	5401	37.89866703430026	Congressional District 1	US Census Bureau	WV	54	615991	https://www.census.gov/geo/maps-data/data/tiger-data.html	176.490542
USA	United States	21880.377874	5402	29.624077048972083	Congressional District 2	US Census Bureau	WV	54	648186	https://www.census.gov/geo/maps-data/data/tiger-data.html	163.965235
USA	United States	24124.665391	5403	24.40726080369452	Congressional District 3	US Census Bureau	WV	54	588817	https://www.census.gov/geo/maps-data/data/tiger-data.html	156.390094
USA	United States	4339.323145	5501	167.77777908494528	Congressional District 1	US Census Bureau	WI	55	728042	https://www.census.gov/geo/maps-data/data/tiger-data.html	122.519069
USA	United States	9049.071936	5502	83.01061206195278	Congressional District 2	US Census Bureau	WI	55	751169	https://www.census.gov/geo/maps-data/data/tiger-data.html	279.587572
USA	United States	35046.642686	5503	20.828157679468518	Congressional District 3	US Census Bureau	WI	55	729957	https://www.census.gov/geo/maps-data/data/tiger-data.html	822.581233
USA	United States	289.883388	5504	2307.8762967955927	Congressional District 4	US Census Bureau	WI	55	669015	https://www.census.gov/geo/maps-data/data/tiger-data.html	1.692977
USA	United States	3288.31273	5505	215.1802635876424	Congressional District 5	US Census Bureau	WI	55	707580	https://www.census.gov/geo/maps-data/data/tiger-data.html	83.933349
USA	United States	14541.310805	5506	48.48957631505628	Congressional District 6	US Census Bureau	WI	55	705102	https://www.census.gov/geo/maps-data/data/tiger-data.html	522.986268
USA	United States	48567.304049	5507	14.19224339289206	Congressional District 7	US Census Bureau	WI	55	689279	https://www.census.gov/geo/maps-data/data/tiger-data.html	1655.26982
USA	United States	25145.649845	5508	28.109832291351545	Congressional District 8	US Census Bureau	WI	55	706840	https://www.census.gov/geo/maps-data/data/tiger-data.html	1056.77069
USA	United States	251470.069067	5600	2.2413243933608307	Congressional District (at Large)	US Census Bureau	WY	56	563626	https://www.census.gov/geo/maps-data/data/tiger-data.html	1864.445306
USA	United States	8867.536532	7298	420.16054701944137	Resident Commissioner District (at Large)	US Census Bureau	PR	72	3725789	https://www.census.gov/geo/maps-data/data/tiger-data.html	4923.745357
